smiles,prediction
CC1=C(C(=C(C(=C1C)C)O)C)C,0.6082745790481567
CCCC(CC(C)CC)O,-0.15846271812915802
CCCC(=C)C(C)C,-0.4954627752304077
CC[C@@H](C)O,-0.40690097212791443
CC1=CC(=C(N=C1C)C)C,0.3322712779045105
C1=CC(=CC=C1F)F,0.2102430909872055
CC(CO)C(C)O,-0.12712347507476807
CCCC(C(CCC)O)O,-0.038606759160757065
CC(C)/C=C\Cl,-0.8383910655975342
CCC1=CCC(CC1)C,-0.06716525554656982
CCCCCC/C=C\CCCCCCCC(=O)O,1.1256746053695679
C(F)(Cl)(Cl)Br,-0.38687068223953247
CC(COC)N,-0.6125629544258118
CCCC1=CC2=CC=CC=C2C=C1C,0.9907674193382263
CCCCCCCC(C)CO,0.12591372430324554
C/C=C(/C)\C1=CC=CC=C1,0.3478168249130249
CC1=CC(=C(C=C1)C)O,0.5839974880218506
CCC1=CC2=CC=CC=C2C=C1C,0.972713053226471
C1C2=CC=CC=C2CO1,0.7301687002182007
CCCCCCCCCCCCCCCCCCCCCCCCCCC1=CC=CC=C1,2.2864608764648438
C1=COC=N1,0.23528139293193817
CCCCSCC,-0.39117205142974854
CCCCC(C(C)C)O,-0.18299651145935059
CCC(C)(C)C(C)(CC)O,-0.17989273369312286
CCCCC(O)CC(C)CC,-0.1089223325252533
CC1=CC=C(C=C1)C(Cl)Cl,0.559758722782135
CC\\C=C/C,-1.0945045948028564
CCCCCCCCCCCCCl,0.6159316301345825
C1=CC=C2C=C3C=CC=CC3=CC2=C1,1.61480712890625
CCCCCCCCCCCCC1=CCCC1,0.9969668984413147
C=CCCCCCC=C,-0.3152598440647125
CC#CC(C)C,-0.9407965540885925
C/C=C/C=C\C,-1.3222028017044067
CSCSC,-0.628810703754425
C=CCOCC1CO1,-0.03721188008785248
CC(C)(C)C1=CC(=CC=C1)O,0.5429439544677734
CC(C)CCC(C)(C)O,-0.12886302173137665
CC(C)C(C)[N+](=O)[O-],-0.2444411963224411
CCCC(C)CC(C)C(C)CC,-0.20627525448799133
CCCOC(=O)C,-0.41547882556915283
CCCC#CCC,-0.7145122289657593
CCC(CN)O,-0.19786126911640167
CCC(C)(CC(C)C)CO,-0.1232769787311554
CC1CCCCC1(C)C,0.0005535096861422062
CCCCCCCCCCCCCCCCC#C,0.9843623638153076
CCCCCCCCCCCCCCCCCC(=O)OC,1.218481183052063
CCCCCCCCCCCCCCCCCCCC=O,1.2718979120254517
CCCC(CC(C)(C)C)O,-0.1377861052751541
CC1CC=CC(C1)C,-0.2327560931444168
CC(C=O)C1=CC=CC=C1,0.5129514932632446
CCCCCCCCCCCCC(C=C)O,0.7813400626182556
CC(CN(C)C)O,-0.3848447799682617
C(CN)CN,-0.22074556350708008
CCCCOCCOCCOC(=O)C,0.14243260025978088
O=S(F)F,-2.016012191772461
CCCCCCCCCCCCCCCCCCCCCCCC(=O)OC,1.6821194887161255
CC1=CC(=CC(=C1)Cl)Cl,0.685623049736023
CC(C)CC#C,-0.55620276927948
CCC1=CC(=CC=C1)C2=CC=CC=C2,1.1536712646484375
CCC(C(C)C)C(C)C,-0.35340163111686707
CC1=C2C=C(C=C(C2=C(C=C1)C)C)C,0.9487013220787048
CCCCCCCCCCSCCCCCCCCCC,1.1462458372116089
CCCCCCCCCCCCC(C)O,0.5802178382873535
CC,-1.0746464729309082
CCCC1=C(C=C(C=C1)O)C,0.641833484172821
CCC1=CC(=C(C=C1)CC)CC,0.40697190165519714
CCCCCCCCCCCCCCCCCCCCCCCCCCCCCCCCC,1.9423621892929077
CCCCCCCCCC#C,0.3086813688278198
CCCCCCC(C)C=O,-0.07638876140117645
C1CC(=O)NC1=O,0.5759615302085876
CC(C)C(C)(CO)O,-0.026535052806138992
CC1=CC2=CC=CC=C2N=C1C,0.971375048160553
CCCCCCCCCCCCCCCCCCCCCC(Br)Br,1.5617128610610962
CCCCCCCCCCCCCCCCOC(=O)C(CC)CCCC,1.429434061050415
CCCCCCCCCCC(C)CC,0.23534999787807465
CC(C)COCC(C)O,-0.20675785839557648
CCN(CC)C(C)C,-0.576024055480957
CCCCCCCCCCCCCCCCCCCCOC(=O)CC,1.5236990451812744
C[C@@H]1CCC[C@@H]1C,-0.014877909794449806
CC(CF)CF,-1.1052567958831787
CCCCC(CC)(CC)Cl,-0.21970561146736145
CCCCCCCCCCCCCCCCOC(=O)CCCCCCCCCCCCCCC,2.1572463512420654
CCC#C,-0.8675732016563416
CCC(=O)OC,-0.5827180743217468
CC=CC(C)C(C)C,-0.806836724281311
CCCCCCCCCCCCCCCCCCCCCCCO,1.416465163230896
CCCC(I)CC,-0.07782180607318878
CCC(C)CCC(C)(C)C(C)C,-0.1620408296585083
CCCC(Br)Br,0.177985280752182
CCCOCC(C)C,-0.46813637018203735
CCCCCC/C=C/C(=O)O,0.4344401955604553
O=S(=O)=O,-0.5519395470619202
CC1=C(C(=CC=C1)C(C)C)C,0.34114980697631836
CCCCCCCCCCCCCCCCCCCCCCCF,1.359723448753357
CC1CCCC(C1)N,0.09062553942203522
CCC/C=C\Cl,-0.7157102227210999
CCCCCCCCCCCCCC(=O)OCC,0.926298975944519
CCC1=CC(=CC=C1)O,0.6049240827560425
CCCCCCCCCCCCCCCCCCCCCCCCCCCCCCCCCCCCBr,2.333860158920288
CCCC(C)(CC(C)C)O,-0.10847681760787964
COC(=O)CCCCCCCCCC=C,0.6631413102149963
CCCCCCCCCCC(Br)Br,0.7854337096214294
CC(=CC=C(C)C)C,-1.0515810251235962
FF,-2.2308788299560547
CCC(C)C(C)(C)CCC(C)C,-0.16387617588043213
CCCCCCCCCCCCCC,0.5585857629776001
CCCCCCCCCCCCCCCCCCCCCCCCCCCCCCCCCCCC1CCCC1,2.489914655685425
CC[C@@H]1CC[C@@H](C1)CC,0.055602144449949265
C/C=C/C(Cl)Cl,-0.7903425693511963
CCCCCCCCCCCCCCCCCC1CCCC1,1.2910939455032349
CCCC(C)C(C)CC(C)(C)C,-0.18434298038482666
CC=C(C)C(C)=O,-0.6705820560455322
CC(C=C)C(C)O,-0.5055263638496399
CCCC(C)CC(C)CCC,-0.2578030526638031
C/C=C\CC(=O)O,0.007130615878850222
CCCC(C)C(C)(C)C(C)CC,-0.19164881110191345
CCCCCCCCCCCCCC(C)O,0.6815981268882751
O=S=O,-0.8065483570098877
C1C=CC=C1,-0.446732759475708
CCCC1=CC(=C(C=C1)C)C,0.3726036250591278
CCCCCCCCCCCCCCCCCC(=C)C,1.0694336891174316
CCC(C)CN,-0.44377607107162476
CCCCCCCCCCC=C(C1=CC=CC=C1)C2=CC=CC=C2,1.6659700870513916
CC(C)(C(Cl)Cl)Cl,-0.22857381403446198
CCCCCCCCC(=O)OC,0.260609894990921
CC1=CC=C(C=C1)CC2=CC=CC=C2C,1.1514992713928223
C1=CC(=CC=C1N)[N+](=O)[O-],1.0088790655136108
CC1CCCC(=O)C1,0.28659671545028687
CC1CCSC1,0.021016497164964676
CCN(CC)CCCC(C)N,-0.2678998112678528
CCCC(CC)C(C)(C)CC,-0.29015251994132996
CC(C)(C)CC(CCl)Cl,-0.12374285608530045
CCC(CC)CN,-0.38716766238212585
C(C(Cl)(Cl)Cl)(F)(Cl)Cl,-0.356619268655777
COC(=O)CCC(=O)OC,-0.028028884902596474
CCC(=O)OC(C)C(C)C,-0.23670625686645508
COCCOCCOCCOC,-0.47231388092041016
CC(C)(C)CC#N,-0.3517574667930603
C/C(=C(\C)/Cl)/CCl,-0.5014389157295227
CCCCCCC(CCCCCC)CCCCCC,0.7100815176963806
CC(C)C1=CC=CS1,0.24557939171791077
CC1CC=C(C1)C,-0.1841810643672943
C1CC=CC1,-0.11563453823328018
CCCCCCCCCCCCCCCCCCCCCCC=C,1.4160956144332886
CC(C)CCCC(C)CCO,-0.04343290254473686
CC(CBr)CBr,0.21815721690654755
CCC=C(C)C(=O)OC,-0.4516962468624115
CCCC(CC)C(C)CC(C)C,-0.20833978056907654
C1=CC=C(C=C1)CCCCCC2=CC=CC=C2,1.2842005491256714
N#N,-0.9850431084632874
CCCCCCCC/C=C\CCCCCCCCCC(=O)O,1.450019359588623
C1CCC=CCC1,0.18859800696372986
CCCCC(CC)(CC)O,-0.1625191569328308
CCCC(=O)CC,-0.35637059807777405
CCCCC(CCC)CCCC,-0.12684030830860138
CCC(C)C(C)F,-0.7411919236183167
C1=CC(=C(C=C1C(F)(F)F)[N+](=O)[O-])Cl,0.7093182802200317
CCCCCCCCCCCCCCCCOC(=O)CCC,1.282071590423584
CC(C)CCCCCCCCCCCO,0.6353934407234192
CCC(C)I,-0.1425366997718811
CC/C=C\CCOC(=O)C(C)CC,-0.10762854665517807
CCCCCCCCCCCC1CCCCC1,0.9540466070175171
CC(CF)CCF,-0.968445360660553
CC(C)(CCBr)Br,0.2038891315460205
CCCCCCCCCC(=O)OCC,0.48909395933151245
CC1=NC2=CC=CC=C2C=C1,0.9877873063087463
CC(C)CC(C)(C)N,-0.29171404242515564
CCCCCCCCCCCCCCCCCCCCCCBr,1.4005078077316284
CCCCCCOC=C,-0.2002236545085907
CC/C=C\\I,-0.315555214881897
CCC(C)c1cccc(C(C)CC)c1O,0.6755046248435974
CC1=CC=CC=C1,0.2668032944202423
C[C@@H]1CCCC[C@H]1N,0.26592522859573364
CCC(C)CC(=O)C=C,-0.21523417532444
CCCC(C(C)C)C(CC)CC,-0.23221337795257568
CC(C)(C(C)(C)O)O,-0.1100599467754364
CCCCCCCN,0.07478538155555725
CC(C)C1=CC=CC=C1,0.24369266629219055
C1=CC(=CC=C1NC2=CC=C(C=C2)[N+](=O)[O-])[N+](=O)[O-],2.200313091278076
CCC(C)(CC)C(=O)C,-0.33189356327056885
CCCCCCCCCCCC#C,0.5350600481033325
CC(F)(F)Cl,-1.1791400909423828
CCCCCCCCCCCCCCCCCCCCCCCCCCCCCCCCCCCCCCCCCCCCCC,2.803645133972168
C1CC(=O)OC1=O,0.5228032469749451
CCCC(CC)C(CC)CCC,-0.2811780869960785
CC(C)CCl,-0.4783986508846283
C/C=C\C(=O)O,-0.060854118317365646
CCC(C)CC(C(C)C)C(C)C,-0.2304506003856659
CCCC(CC)C(CC)C(C)C,-0.22855544090270996
CCCCC(CC)C(=O)OC=C,0.008392613381147385
CCCC(C)(C)C(C)C,-0.2952590882778168
CCC[N+]#[C-],-0.8272020816802979
C1C2=CC=CC=C2C3=CC=CC=C31,1.4397097826004028
CC1(CO1)C,-0.2434360831975937
CCCCCCCCCCCCCCCCC(CCC)C1=CC=CC=C1,1.63843834400177
CCCCCCCCCCCCCCCCCCN(CCCCCCCCCCCCCCCCCC)CCCCCCCCCCCCCCCCCC,3.3751814365386963
CCCCC(CCCC)C(C)C,-0.20625536143779755
CC(CN)O,-0.26845332980155945
CC1=CC=CC=C1CC=C,0.46463462710380554
CCCCC1=CC=NC=C1,0.42973199486732483
CCC1=CSC(=C1)C,0.2825317978858948
CCCCCCCCCCCCCCCCC1CCCCC1,1.2911508083343506
CCCCOC(=O)CCCCCCCCC(=O)OCCCC,1.269433617591858
CCCCCCCCC(=O)OCCCCC,0.7049998641014099
C1(=C(C(C(=C1Cl)Cl)(Cl)Cl)Cl)Cl,0.6552262306213379
CCCCCCCCCCCC(Br)Br,0.8631032109260559
CCCCCCCCN(CCCCCCCC)CCCCCCCC,1.3007335662841797
C(C(C(=O)O)O)C(=O)O,0.8357048034667969
CCCCCCCCCCCCCCC1CCCC1,1.0899949073791504
CC1=C(C=C(C=C1)Cl)Cl,0.679873526096344
CC(C)N,-0.6796034574508667
CC(CCN)N,-0.34638962149620056
CCCCCCCCCCCCCO,0.730550229549408
CCCCCCCCCCCCCCCCCCCOC=O,1.3739920854568481
CCCCC(C)(C)C(C)(C)C,-0.28072500228881836
C1=CC=C(C(=C1)N)N,0.7535695433616638
C(CCO)CO,0.1756647229194641
CC(C)CCCCCCCOC(=O)C(=C)C,0.4491986632347107
CCCCCCCCCCCCCCCCCCCCCC(=O)O,1.5925828218460083
CCC(C)C(C)(C)C(C)(C)C,-0.2801000773906708
CC(=CCCBr)C,-0.24002425372600555
CCCCCCC(CCCCCC)C1=CC=CC=C1,0.9334447979927063
CCCCCCCCCCCCCCCCCCCN(CCCCCCCCCCCCCCCCCCC)CCCCCCCCCCCCCCCCCCC,3.57358455657959
CCCC(=O)C(C)(C)C,-0.2754048705101013
CC(=O)S,-0.23684172332286835
CCC(C)(C(C)(C)C)C(C)(C)C,-0.3072165548801422
CC1=CC(=CC=C1)Cl,0.492053747177124
CCCCCCCCCCCCCCCC(=O)O,1.172824501991272
CCCCCCCOC(=O)CCCC,0.4779348373413086
CCCC(C)(CC)CC(C)C,-0.2577696144580841
CCCC(C)(CC)CC,-0.4302288293838501
CCCCCCCCCCCCCCCCCC(=O)OCCCCCCCCCCCCCCCC,2.2924351692199707
CC(C(Cl)(Cl)Cl)Cl,-0.09133194386959076
CCC1CCC=C1,-0.21218787133693695
C=CC1=CC=CC=C1,0.456128865480423
CCC(C)(C)CO,-0.2778587341308594
CCCC1=CC=CS1,0.31905800104141235
CCCC(C)CCCC(C)(C)C,-0.19038572907447815
CCCCC(Br)Br,0.2558388411998749
CCCCCC(C)(CCC)O,-0.0605776384472847
CCCC(CC)CCCC(C)C,-0.19008421897888184
CCCC(CC)(CC)C(C)C,-0.2649541199207306
CC(CBr)(CBr)Br,0.5399833917617798
CCCCOC(=O)CCCCCCCCC=C,0.8765586018562317
C/C=C\C(C)(C)C,-0.9206207394599915
CCCCC1=CC=CC2=C1CCCC2,0.9265493750572205
CCCCCCCCCCCCCCCCCCCCCCCCCCCCCCCCCCCCCCCCCCCCCCCCCCCCCCCCCCCCCCCCC,4.062086582183838
C1CSC1,0.09540586918592453
CCCC/C=C\CCCCCCCC(=O)O,0.9382660984992981
CC1=C2C=CC=NC2=C(C=C1)C,0.9827013611793518
C1CC(OC1)CO,0.21885888278484344
CC(CCl)(CCl)CCl,-0.0180681012570858
CCCCC(=O)OCC(C)C,-0.06633904576301575
C1CCCCCCSCCCCC1,0.7869154214859009
CCCCCCCCCCC(=O)O,0.7867803573608398
CCC1CC2CC1C=C2,0.046459127217531204
CCCC1=CC=C(C=C1)CC,0.3783649206161499
CCCC(CCC)C(CC)CC,-0.2821653187274933
CC1=C(C2=C(C=C(C=C2C=C1)C)C)C,0.9472459554672241
CCCCCCCCC(CC)O,0.20873869955539703
CCC=C=C,-1.1082566976547241
CCCC1=CC2=CC=CC=C2C1,0.7801476120948792
CCC1=CC2=C(C=C1)C(CCC2(C)C)(C)C,0.7467490434646606
CCC(C)CC(CC)C(C)C,-0.24214449524879456
C1(=C(C(C(C1(F)F)(F)F)(F)F)F)F,-1.6619364023208618
CCC(C)CS,-0.26205170154571533
C/C=C/CC(C)=O,-0.5542967319488525
CCCCC(C)C(CCC)O,-0.12359859049320221
CC(C)(C)F,-0.9939135909080505
C1=CC(=CC=C1Br)Br,0.8955283164978027
CCC1=C(C=C(C=C1O)C)C,0.6176720261573792
CCC1=CC=CC=C1,0.2810852527618408
CC(C)(Cl)Cl,-0.46228155493736267
CCCCCCCCC[N+](=O)[O-],0.5040090084075928
CC(C)C1=CC2=CC[C@@H]3[C@@]([C@H]2CC1)(CCC[C@@]3(C)C(=O)O)C,1.4720908403396606
CCCCCCCC(C)(C)O,-0.00646580895408988
CCC(CC)C(C(C)C)O,-0.19552117586135864
CCCCCCCCCCCCCCCCCCCCC(=O)OC,1.4558343887329102
CCCCCCCCI,0.452178418636322
CCC(CO)C(C)O,-0.0867847129702568
CC(C1=CC=CC=C1)OO,0.5046994686126709
CCC/C=C/C(C)C,-0.6665350198745728
CC(C)C1=C(C(=CC=C1)C(C)C)N(C)C,0.5008730292320251
CC(=C)CCC(=C)C,-0.7169148921966553
CCCCC(C)CC(C)(C)O,-0.08145015686750412
CCCC1CCCC2=CC=CC=C12,0.7441937327384949
CCCCCCCCCCCCl,0.5211499333381653
CC(C(F)F)(F)F,-1.7838819026947021
C(CCCCI)CCCI,0.747244656085968
CCSCCSCC,-0.29298532009124756
C=C(CCl)Cl,-0.5939133763313293
C/C=C(\C)/Cl,-0.9417662024497986
CC1=CC=C(C=C1)CO,0.5467697381973267
CC(C)(C)OC=O,-0.5445646047592163
CCC(C)(C)C1=CC=C(C=C1)O,0.5743539333343506
CC(C)(C)NCCNC(C)(C)C,-0.21693651378154755
CCCCC(CC)C(C)C(C)C,-0.19950434565544128
CCC(=C(C)C)C,-0.926642119884491
CC(C)(CCCl)Cl,-0.2258991152048111
CCCCCCCCCCCCCCCO,0.8759315609931946
CC(C)CCCC(C(C)C)O,-0.10471773892641068
CCC(C)CCCC(C)CO,-0.07140552252531052
CCC(C)(CC)C1=CC=CC=C1,0.33337733149528503
CCC1CCCCS1,0.19550596177577972
CCCCCCCCCC[C@@H](CO)O,0.7540796995162964
CCC(C)CCl,-0.39440077543258667
CCCC(C)(C)CC(C)CC,-0.2613104581832886
CCC(C)(CC)C(C)(C)O,-0.1739906519651413
CCC(C)CCC(C)CC,-0.2657689154148102
CCCCCCCCCCCCC1=CC=C(C=C1)O,1.3306833505630493
CCCCCCCCCCCCCCCCCCCCCCCCCCCCl,1.6887282133102417
C/C=C\C(C)I,-0.3440127670764923
CCC(CC)C(CC)C(C)(C)C,-0.20943418145179749
CCCCCCCCCCCCCCCCCCC1CCCCC1,1.4246197938919067
CCC(CC)C(C)(CC)C(C)C,-0.20158803462982178
CCC(C(C)I)I,0.27387234568595886
CCCCCCCCCCCCCCCCCC(Br)Br,1.289164662361145
CC[C@@]1(CC[C@H](C1)C)C,-0.03251074627041817
CC1=CSC=C1C,0.23615215718746185
CCCCC(=O)OCC,-0.17307089269161224
CCCCCCCCCCCC=C,0.5096780061721802
CCCCCCCCCCCCCCCCCCCCCCCCCCCCCCCCCCCCC1=CC=CC=C1,3.0012481212615967
CCC(C)OC(C)CC,-0.4569295644760132
C1CCCC1,0.18692441284656525
C(C(CO)(CO)CO)O,0.507226824760437
CC(C)CC(C)(C)Cl,-0.2546314597129822
CCCCCCCCCCCCCCCCCC(F)(F)F,0.799777626991272
C/C=C/C=C,-1.2626723051071167
CCC(I)I,0.3137303590774536
CCCCC(CCC)C(C)CC,-0.24379733204841614
C=C(C1=CC=CC=C1)C2=CC=CC=C2,1.3644886016845703
C(C(F)(F)F)C(F)(F)F,-1.9707372188568115
CC(C)/C=C/I,-0.30208244919776917
CCCCC#CC(C)(C)C,-0.40799379348754883
C(F)(F)(F)Br,-1.1872116327285767
C/C(=C\CCl)CCl,-0.4106338620185852
CCCCCCCCCCCCCCCCCCCCCCCCCCCCCCO,1.8831067085266113
CCCCC(C)CC(CC)CC,-0.22425536811351776
CC1=CC(=CC(=C1)C(C)(C)C)C(C)(C)C,0.4189906418323517
CCCCC(CC)CC(C)(C)C,-0.2228439748287201
C/C=C/CCC(=O)C,-0.4557371437549591
CCCCCCCCCCCCCN,0.6954089403152466
C(=C=O)=C=O,-1.0047067403793335
CC1=CC2=C(C=CC(=C2C=C1)C)C,0.9466539621353149
CCCC1=CC=C(C=C1)CCC,0.44450926780700684
C(CCF)CF,-0.8600369095802307
CCC(C)C1=CC=CC=C1,0.27680301666259766
CCCCCCCCCCCCCCCCCCCCCCCCCCCCCCCCCCCCCCCCCCCCCCCCCCCCCCCCCCCCCCCCCCCCCCCCCCCCCCCC,5.056066989898682
CCCCCCCCCCCCCCCCCCCCCCCCCCCCCCCCCCCCN,2.2670400142669678
CCCC(CCCCBr)Br,0.5162464380264282
CCCCCCCNCC,-0.05326170474290848
C([N+](=O)[O-])([N+](=O)[O-])([N+](=O)[O-])[N+](=O)[O-],-0.873437762260437
C(C(Cl)Cl)Cl,-0.3853839933872223
CCCCCCCCCCCCCCCCCCS,1.1002858877182007
CCCCC(F)F,-1.0224167108535767
C1=CC(=C(C=C1Cl)Cl)Cl,0.8397191762924194
CC(C)C(C)C(C(C)C)C(C)C,-0.36606696248054504
CC(C)CCCC(C)CC(C)C,-0.1519593894481659
CCCCC(C)CO,-0.17405807971954346
CCCCCC(CC)CCO,0.07905875146389008
CCN(CC)CCCO,-0.14230448007583618
CC1=C(C=C(C=C1)N)C,0.5123522877693176
CCCC(C(C)(C)CC)O,-0.16782726347446442
CCCCCCCCCCCl,0.41939499974250793
CN(C)CCCN,-0.4816734790802002
CCCCC(CC)(CO)CO,0.16551756858825684
CC1=C2C(=CC=CC2=CC=C1)C,0.9678905010223389
CCC(C)C(F)F,-1.173239827156067
CCCCCCCCCC#CC,0.08366165310144424
CC(C)(C)C(=O)O,-0.06892138719558716
CCCCC(CC)C(C)C,-0.2690590023994446
C/C=C/CCl,-0.9119351506233215
CCCCCCCCCCCCCCCOC(=O)C,1.047851324081421
CCCCCC=C(C1=CC=CC=C1)C2=CC=CC=C2,1.3686776161193848
CCOC1=CC=CC=C1,0.4013872742652893
CCC(=O)C,-0.6030714511871338
[N+](=O)(O)[O-],-0.812900722026825
C=COC=O,-0.8741289973258972
CCCC(CC)C(C)CC,-0.3077278733253479
C(F)(Cl)Cl,-1.1490782499313354
CCCN(C)CCC,-0.5669879913330078
CCCN,-0.5951138138771057
CC(=CCCO)C,-0.3767390251159668
CC(C)CCCN,-0.32590869069099426
CCCCCCCC(=O)OCCCCCC,0.7053261399269104
CCCN1C=CC=C1,0.26306650042533875
C1=CC=CC=C1,0.2233712524175644
CCC(C)(C)C(C)C(C)(C)C,-0.2642090618610382
CC1=CC2=C(C=C1)N=CC(=C2)C,0.9772650599479675
CCCC1CCCCC1O,0.25152456760406494
C1=CC=C(C(=C1)C=O)O,0.9562198519706726
CCCCCCCCCCCCCCC(Br)(Br)Br,1.3268051147460938
CCCCCCCCCCCCCCCCOC(=O)C(=C)C,1.3115601539611816
C/C=C\\C1=CC=C(C=C1)C,0.36197376251220703
CCCCC#CCCCC,-0.27740293741226196
CCCCCCCCCCCCCC(C)S,0.7229681015014648
CCCCCCCCOC(=O)CCCCCC,0.81340491771698
C=CF,-1.7783757448196411
CCCCCCCCCCCCCCCCCCCCCCCCCCCCCCN,1.867372989654541
C(CS)S,0.014878636226058006
CCCCCCCCCCCCCCCC(=O)C,0.9811506271362305
CCC(C)C(CO)CO,-0.025424422696232796
CC(C)CNCCO,-0.15349601209163666
CCCCCCCCCNC,0.13457703590393066
CCCC(C)(C)CC(CC)CC,-0.2560453712940216
CC(C)(C)C(F)F,-1.1649260520935059
C(C(F)(Cl)Cl)Cl,-0.5594062209129333
CCCC(CC(C)C)CC(C)C,-0.19243884086608887
C(CC(=O)O)CC(=O)O,0.7784717082977295
C/C=C\C=C/C,-1.3222028017044067
CC1=C(C=CC(=C1)Cl)Cl,0.6829909086227417
CCCCCCSSCCCCCC,0.4653250575065613
CCC1CCC(=O)CC1,0.34208834171295166
CCC(F)F,-1.372833490371704
CC1=CC(=C(C=C1C)C(C)C)C,0.381361186504364
CC1=CC=C(C2=CC=CC=C12)C,0.963070273399353
CC1=CC(=C(C=C1Cl)Cl)C,0.6843306422233582
CCCCCCCCCCCCCCCCN(CC)CC,0.9659098386764526
CCC(C)C(C)C(C)C,-0.35789892077445984
C(C(F)(Cl)Cl)(F)(Cl)Cl,-0.7195432186126709
CC(C)(C)C(C(C)(C)C)O,-0.1764247864484787
CC(C)CC(C)C(C)CC(C)C,-0.20980873703956604
C(C(F)Cl)(F)F,-1.7798218727111816
CCCCCC#CCCCCC,0.03540472313761711
CC(CC=C)C(=O)C,-0.39847055077552795
CCCC(C)(C)C(C)(C)C(C)C,-0.20055679976940155
CCC#N,-0.6814691424369812
C1(=NC(=NC(=N1)N)N)N,0.869085431098938
CCCCCCCC(C)Cl,-0.03679877892136574
CCCCCCCCCCCCCCCCCCNC(C)C,1.0522496700286865
CCCCCCCCCCCCCCCCCCCCCCCCCCCCCCCC=C,2.023111343383789
CCC1CCC1,-0.03404192999005318
CCCC(=O)CCC(C)C,-0.15159617364406586
CC(C)(CCO)CO,0.006808432284742594
C=CC=C,-1.3159061670303345
CC(C)CCOC(CO)CC(C)C,-0.045151472091674805
C1=CC=C2C(=C1)C=CC=C2Br,1.2533352375030518
CCCCCCCCCCCC#N,0.6120601892471313
CCC(C)N,-0.5614987015724182
CCCC=C=C,-0.8744829893112183
C/C=C(\C)C(=O)OC,-0.6092506647109985
CCCCCCCC(=O)OC,0.1262446939945221
CC1=C(C=CC(=C1)O)O,0.883304238319397
C[C@H]1CCC[C@H](O)C1,0.34661850333213806
CC1(CS1)C,-0.11319992691278458
CCCCCCCCCCCCO,0.6511033177375793
CCCCCCCCCCCCCCCCCCCCCCCCCCCCCC(=O)O,2.1278464794158936
CCC(C(C)C)C(=O)C,-0.2519480586051941
C/C=C/CCCCCCCCO,0.42591002583503723
CC(C)(C)C(CO)O,-0.04857015609741211
CCCCCCCCCCCCCCCCCCCCCCCCCC(=O)O,1.861750602722168
C1=CC=C(C=C1)CCCCC2=CC=CC=C2,1.2354880571365356
CC/C=C/C(C)CC,-0.713007390499115
CCC1CS1,-0.08735647052526474
CC1=CC2=C(C=C(C(=C2C=C1)C)C)C,0.9417853355407715
C1=CC(=CN=C1)C#N,0.6168445944786072
C=CCN,-0.9175376296043396
CCCCCCCCCCCCCCCCCCCI,1.2263598442077637
CCCCC(C)(CC)C(C)C,-0.2449781447649002
CC1=CC(=C(C2=CC=CC=C12)C)C,0.9518778324127197
C(#N)F,-1.5064060688018799
CCCCCCCCOC=C,0.12586647272109985
CCCCCC(C)C(C)(C)CC,-0.21179737150669098
CCC(C)(C(C)(C)C(C)C)O,-0.10867627710103989
CCCCCCCCCCCCCC=C,0.7155424952507019
CC(C)CCO,-0.24699203670024872
CCCCOC=C,-0.5743122100830078
C(#N)C#N,-0.883698582649231
C1=CC(=CC(=C1)[N+](=O)[O-])[N+](=O)[O-],1.1627528667449951
CCCC(C)(C)C(C)O,-0.17030026018619537
CCC(CC)COC(=O)C,-0.20543906092643738
CCC(C)CBr,-0.16921986639499664
CCC/C=C\\C(=O)C,-0.38754764199256897
CCC1=C(C=C(C=C1C)C)C,0.366906076669693
CC(=O)OCCOC(C)=O,-0.03559241443872452
C1=C\CCCC\C=C/1,-0.06705332547426224
CCC(C)C#N,-0.46702396869659424
CCCCCCCCCCCCCCCCCCCCCCCCCCI,1.6938167810440063
CCCC(CC)N,-0.4136940538883209
CC(C)CC(C=C)O,-0.3531879484653473
CCCCC(CC)COCC(CC)CCCC,-0.008839573711156845
CCCCCCC1CCCCC1,0.5794526934623718
CCCC(CC(C)C)CO,-0.13211672008037567
C/C=C(/C)\CCC(=O)C,-0.44609299302101135
CCC(C)C1=CC=CC(=C1O)C(C)C,0.6439244747161865
CC(C)COCC(C)C,-0.35881417989730835
CCCCCCCCCCCCCCCF,0.7415960431098938
C=CCCCO,-0.17105713486671448
CCCCCCN,-0.06892813742160797
CCCCCCCCCOC(=O)C1=CC=CC=C1C(=O)OCCCCCCC,2.086859941482544
CCCCCCCCCCCCCCCCCC(=O)OCCC,1.3569985628128052
CCCC=C(C)C(=O)O,0.11721676588058472
CC1=C2C(=CC=NC2=CC=C1)C,0.9884107112884521
C1=CC(=C(C(=C1)Cl)CCl)Cl,0.896716833114624
CCCCCC(C)C,-0.34812435507774353
C1=C(C=C(C=C1Cl)Cl)CCl,0.8899592161178589
CCC(CC)C(=O)OC,-0.2905403971672058
CC1CO1,-0.25156158208847046
CCC(O)OC,-0.4718380570411682
CCCCCCCCCCCCCCCCCCCCCCCCCCCCCCCCCCCCCCCBr,2.5330913066864014
CC1=CC=C(C=C1)C,0.27223774790763855
C1=CC=C(C(=C1)O)O,0.8869804739952087
CCCC(CC(C)CC)CO,-0.11163464933633804
CCCCCCCC1=CC=C(C=C1)N,0.8459210395812988
CCC(C(C)(C)C)C(C)(C)CC,-0.20974256098270416
CC=CC(O)CC(C)C,-0.4337886571884155
CCCOC(=O)C1=CC=CC=C1C(=O)OCCC,1.3131777048110962
CC1=CC(=CC=C1)C=C,0.4746567904949188
CCCCC(CC)(CCC)O,-0.09747270494699478
CCCCCCCCCCC(CCCCCCCCCC)CC(C)(C)C,1.0187513828277588
CCCCN(C)C,-0.6171332001686096
CCCOC(=O)C=C,-0.20460976660251617
CC(C(C)(C)O)O,-0.11713370680809021
CCCCN=C=O,-0.23369108140468597
CCCCCCCCCCCCCCCC,0.7479627132415771
CCCCCCCC(=O)OC(C)C,0.13227052986621857
CC(CCC(C)Cl)Cl,-0.22712428867816925
CCC1=CC(=CC(=C1)C)C,0.3316546678543091
CCN(CC)C=O,-0.4073401093482971
CCCCCCCCCCCOC(=O)CCC,0.8169023990631104
CCC(CC)(C(C)C)C(C)C,-0.20953470468521118
CCCCC1C(CCCC1(C)C)C,0.08845021575689316
CCCC#CC=C,-0.8685311079025269
CCC/C=C\\Br,-0.35492292046546936
CC(C)CCCC=C,-0.5069764852523804
CC1=CC=C(C=C1)C(C)C,0.28892597556114197
C[C@@H]1CCCC[C@H]1O,0.34898248314857483
CC(C)C(C)(C)C(C)C(C)(C)C,-0.24623626470565796
CC(C)C1=CC(=CC=C1)C(C)C,0.3364783227443695
CCCCCCCCCCCCCCCCCCCCCCCCCCCCCCCCCCCCCCC=C,2.4873805046081543
CCCCCCCCCCCCCCC(C)O,0.7793711423873901
CCC/C(=C\C)/C,-0.7912200093269348
CCCC(C)(C)C(C)(C)C,-0.3421430289745331
O=[N+]([O-])OCC(CO[N+](=O)[O-])O[N+](=O)[O-],-0.28867173194885254
CCCCCCCCCCCCCCCCCCCCCCCBr,1.4673855304718018
CC(CC(=C)C)O,-0.34497568011283875
CCCC(C(C)(C)C)C(C)(C)C,-0.19646140933036804
C(C(CBr)(Br)Br)Br,0.7792451977729797
C(I)I,0.2595575451850891
CCCCCC(C)(C)CCCC,-0.21657471358776093
C1=CC=C(C=C1)NC2=CC=C(C=C2)[N+](=O)[O-],1.7687349319458008
C1=CC=C(C=C1)CBr,0.6116493344306946
CC(C)C(C)CCO,-0.18904100358486176
CCC(CO)N,-0.18934622406959534
C1N2CN3CN1CN(C2)C3,0.5702028274536133
CCC(C)(CC)C(C)(C)C(C)C,-0.21916672587394714
CCCCCC1=CC=CC=C1,0.4446711242198944
CC1=C(C2(C1(C(=C2C)C)C)C)C,0.07180416584014893
CC[N+]#[C-],-1.0509378910064697
CC(C)C(C)S,-0.35999584197998047
CCCC(CC)[N+](=O)[O-],-0.12842869758605957
CCCOC(=O)/C=C\C(=O)OCCC,0.3693206012248993
C(C(Cl)(Cl)Cl)(F)(F)F,-1.043080449104309
CC(CCC=C)CCO,-0.07479965686798096
C[N+]#[C-],-1.3188445568084717
CCCCC=O,-0.31350648403167725
CCC/C(=C\C)/CC,-0.6846631765365601
CCCCCCCCCCCCCCCCCCCCCCCCCCCCCCCC1CCCC1,2.2240843772888184
CC(C)(C)C1=C(C(=CC=C1)C(C)(C)C)O,0.6521283388137817
C(CCC(=O)O)CCC(=O)O,0.9173721075057983
CCCCCC(=O)OCC(C)C,0.022979503497481346
CCCCC(CC)CCC(C)N,-0.13586129248142242
CCCCCCC(=C)C,-0.26664498448371887
CCC/C=C/C(=O)OCC,-0.1949453055858612
CC/C=C(\C)/CC,-0.8110326528549194
CCCCCCCCCCOC(=O)CCC,0.7092821002006531
CCC(C(C)C)Cl,-0.3791642189025879
C1C(O1)COC2=CC=CC=C2,0.7630555033683777
CCCCCCCCCN,0.318220853805542
CCCC(C(C)CC)O,-0.20854420959949493
CCC(C)(C)OC=C,-0.7457926273345947
CC(C1CCCCC1)C2CCCCC2,0.6880494356155396
CCNC1=CC=CC=C1,0.40633130073547363
CCC(C)CC(C)N,-0.32303932309150696
CCCCCCCCCCC(C)S,0.4101249575614929
CCCCCC(=O)CCC,0.03814604878425598
CCCC(=C)CCC,-0.4562406837940216
CCCCCC1=CC2=CC=CC=C2C=C1,1.0865992307662964
C1=CC(=CC(=C1)F)F,0.21782565116882324
CC(C=C)C(=O)O,0.009259158745408058
C1CCC(=O)NCC1,0.5361802577972412
C=CC1=CC(=CC=C1)C=C,0.6348416209220886
CCCCCCCCCCCCCCCCCCCCI,1.293188452720642
C1=CC(=CC=C1C(=O)OCCO)C(=O)OCCO,1.8254507780075073
C[C@H](C(C)(Br)Br)Br,0.47735294699668884
CCCCCOC(=O)CCC,0.08563383668661118
CCCCCCCCCCCCCCCCCOC=O,1.2216694355010986
CCN(C)C1=CC=CC=C1,0.3906039297580719
CC(C)(C)C1CCCC1,0.0047346497885882854
CCCCCCCCCCC(Br)(Br)Br,1.0494022369384766
C(=O)C=O,-0.5897275805473328
CCC(C)(CC)C(C)C(C)(C)C,-0.214030921459198
CCC(CC)(C(C)(C)C)Cl,-0.23645831644535065
CC(Cl)(Cl)Cl,-0.3901467025279999
CC(C(C)(C)C)[N+](=O)[O-],-0.2244613915681839
CCC(CC(C)C)C(C)C,-0.27430158853530884
CCCC1=CC=CC=C1O,0.632098376750946
CCCC(C)S,-0.28689852356910706
CC(=CC(=O)OC)C,-0.5783830285072327
CCC(C)(C)I,-0.16355395317077637
CCC(C)C(CC)C(C)(C)C,-0.22708383202552795
CCCCC1=CC=C(C=C1)O,0.6829652786254883
CC(CCBr)CCBr,0.3892681896686554
[C-]#[O+],-1.1904222965240479
CC1=CC(=C(C=C1)O)C(C)C,0.5703790783882141
CCCC(C)C(C)C(CC)CC,-0.2255972921848297
CC1CCC2=C(C1)C=CC(=C2)C,0.6870707869529724
CC1=C(C=CC=C1Cl)Cl,0.6881719827651978
C1=CC=C(C(=C1)C(=O)O)O,1.234981656074524
NCCCCCO,0.2428930699825287
C1=CSC=C1,0.22404193878173828
CCCCCCCCCCCCCCCCCCCCCCCCCCCCCCCCCCCCCCCCCCCCCCCCCCCCCCCCCCCCCC,3.8633463382720947
C/C=C(/C)\\Br,-0.5619596242904663
CCCCCCCCCCCCCCCCOC(=O)CC,1.2077066898345947
C1=CC=C(C(=C1)C=O)C(=O)O,1.2919565439224243
C1(C(C(C1(F)Cl)(F)Cl)(F)F)(F)F,-0.7730719447135925
C(CO)CO,0.062315214425325394
C/C=C(\\C)/F,-1.4324761629104614
C(F)(F)(Cl)Br,-0.7928943037986755
CCCCCCCCC(CCCCCC)CCCCCCCC,1.108012080192566
C1=CC=C(C=C1)S,0.5027585029602051
CC(C)(C)CC(=O)O,0.04145119711756706
CCCCC1CCCCC1=O,0.5268998146057129
C(=C(Cl)Cl)(C(=C(Cl)Cl)Cl)Cl,-0.22654813528060913
CCCCCCCCCOC(=O)CC,0.4966285824775696
C1=CC(=CN=C1)C(=O)O,0.9886672496795654
CCCCCCCCCCCCCCCCCCCCBr,1.2668101787567139
CCCCCCC=O,0.013329310342669487
N#CC/C=C/CC#N,-0.12334810942411423
CC(C)NCCN,-0.4177626967430115
CCCCCCC1=CC=CC2=CC=CC=C21,1.1387834548950195
CCCCCCCNCCCCCCC,0.5476006269454956
CC(CC=C)Br,-0.31486815214157104
CCC(C)CC(C)(C)CC,-0.2989726960659027
CCCCCCCC(C)C(C)C,-0.1366530805826187
CCC(C)(C)O,-0.3306587338447571
CCC(C)(C(C)(C)O)O,-0.05968775972723961
